{"epoch": 0, "img_ce_loss": [1.7924412488937378], "pcd_ce_loss": [1.8911207914352417], "total_loss": [3.6835620403289795]}